{
    "$schema": "https://schema.management.azure.com/schemas/2015-01-01/deploymentParameters.json#",
    "contentVersion": "1.0.0.0",
    "parameters": {
        "factoryName": {
            "value": "datafactoryovb3l52odgq34"
        },
        "dataFactory_properties_globalParameters_IsoRequestParameter_value": {
            "value": {
                "sdoName": "iso",
                "resourceUriProjects": "?lastChangeTimestampFrom=2016-10-05&size=5&page=0",
                "resourceUriPublications": "?lastChangeTimestampFrom=2016-10-05&size=5&page=0"
            }
        },
        "dataFactory_properties_globalParameters_IecRequestParameter_value": {
            "value": {
                "sdoName": "iec",
                "resourceUriProjects": "?lastChangeTimestampFrom=2016-10-05&size=5&page=0",
                "resourceUriPublications": "?lastChangeTimestampFrom=2016-10-05&size=5&page=0"
            }
        },
        "dataFactory_properties_globalParameters_CenRequestParameter_value": {
            "value": {
                "sdoName": "cen",
                "resourceUriProjects": "?lastChangeTimestampFrom=2016-10-05&size=5&page=0",
                "resourceUriPublications": "?lastChangeTimestampFrom=2016-10-05&size=5&page=0"
            }
        },
        "dataFactory_properties_globalParameters_cenelecRequestParameter_value": {
            "value": {
                "sdoName": "cenelec",
                "resourceUriProjects": "?lastChangeTimestampFrom=2016-10-05&size=5&page=0",
                "resourceUriPublications": "?lastChangeTimestampFrom=2016-10-05&size=5&page=0"
            }
        },
        "dataFactory_location": {
            "value": "uksouth"
        }
    }
}