{
    "$schema": "http://schema.management.azure.com/schemas/2015-01-01/deploymentTemplate.json#",
    "contentVersion": "1.0.0.0",
    "parameters": {
        "factoryName": {
            "type": "string",
            "metadata": "Data Factory name",
            "defaultValue": "datafactoryovb3l52odgq34"
        },
        "dataFactory_properties_globalParameters_IsoRequestParameter_value": {
            "type": "object",
            "defaultValue": {
                "sdoName": "iso",
                "resourceUriProjects": "?lastChangeTimestampFrom=2016-10-05&size=5&page=0",
                "resourceUriPublications": "?lastChangeTimestampFrom=2016-10-05&size=5&page=0"
            }
        },
        "dataFactory_properties_globalParameters_IecRequestParameter_value": {
            "type": "object",
            "defaultValue": {
                "sdoName": "iec",
                "resourceUriProjects": "?lastChangeTimestampFrom=2016-10-05&size=5&page=0",
                "resourceUriPublications": "?lastChangeTimestampFrom=2016-10-05&size=5&page=0"
            }
        },
        "dataFactory_properties_globalParameters_CenRequestParameter_value": {
            "type": "object",
            "defaultValue": {
                "sdoName": "cen",
                "resourceUriProjects": "?lastChangeTimestampFrom=2016-10-05&size=5&page=0",
                "resourceUriPublications": "?lastChangeTimestampFrom=2016-10-05&size=5&page=0"
            }
        },
        "dataFactory_properties_globalParameters_cenelecRequestParameter_value": {
            "type": "object",
            "defaultValue": {
                "sdoName": "cenelec",
                "resourceUriProjects": "?lastChangeTimestampFrom=2016-10-05&size=5&page=0",
                "resourceUriPublications": "?lastChangeTimestampFrom=2016-10-05&size=5&page=0"
            }
        },
        "dataFactory_location": {
            "type": "string",
            "defaultValue": "uksouth"
        }
    },
    "variables": {
        "factoryId": "[concat('Microsoft.DataFactory/factories/', parameters('factoryName'))]"
    },
    "resources": [
        {
            "name": "[parameters('factoryName')]",
            "type": "Microsoft.DataFactory/factories",
            "apiVersion": "2018-06-01",
            "properties": {
                "globalParameters": {
                    "IsoRequestParameter": {
                        "type": "string",
                        "value": "[parameters('dataFactory_properties_globalParameters_IsoRequestParameter_value')]"
                    },
                    "IecRequestParameter": {
                        "type": "string",
                        "value": "[parameters('dataFactory_properties_globalParameters_IecRequestParameter_value')]"
                    },
                    "CenRequestParameter": {
                        "type": "string",
                        "value": "[parameters('dataFactory_properties_globalParameters_CenRequestParameter_value')]"
                    },
                    "cenelecRequestParameter": {
                        "type": "string",
                        "value": "[parameters('dataFactory_properties_globalParameters_cenelecRequestParameter_value')]"
                    }
                }
            },
            "dependsOn": [],
            "location": "[parameters('dataFactory_location')]"
        }
    ]
}