{
    "$schema": "http://schema.management.azure.com/schemas/2015-01-01/deploymentTemplate.json#",
    "contentVersion": "1.0.0.0",
    "parameters": {
        "factoryName": {
            "type": "string",
            "metadata": "Data Factory name",
            "defaultValue": "datafactoryovb3l52odgq34"
        },
        "ArmtemplateStorageLinkedService_connectionString": {
            "type": "secureString",
            "metadata": "Secure string for 'connectionString' of 'ArmtemplateStorageLinkedService'"
        },
        "AzureFunction1_functionKey": {
            "type": "secureString",
            "metadata": "Secure string for 'functionKey' of 'AzureFunction1'"
        },
        "AzureFunction16_functionKey": {
            "type": "secureString",
            "metadata": "Secure string for 'functionKey' of 'AzureFunction16'"
        },
        "AzureFunction5_functionKey": {
            "type": "secureString",
            "metadata": "Secure string for 'functionKey' of 'AzureFunction5'"
        },
        "AzureDataLakeStorage5_accountKey": {
            "type": "secureString",
            "metadata": "Secure string for 'accountKey' of 'AzureDataLakeStorage5'"
        },
        "AzureFunction17_functionKey": {
            "type": "secureString",
            "metadata": "Secure string for 'functionKey' of 'AzureFunction17'"
        },
        "AzureDataLakeStorage4_accountKey": {
            "type": "secureString",
            "metadata": "Secure string for 'accountKey' of 'AzureDataLakeStorage4'"
        },
        "AzureFunction2_functionKey": {
            "type": "secureString",
            "metadata": "Secure string for 'functionKey' of 'AzureFunction2'"
        },
        "AzureFunction10_functionKey": {
            "type": "secureString",
            "metadata": "Secure string for 'functionKey' of 'AzureFunction10'"
        },
        "AzureFunction4_functionKey": {
            "type": "secureString",
            "metadata": "Secure string for 'functionKey' of 'AzureFunction4'"
        },
        "AzureDataLakeStorage2_accountKey": {
            "type": "secureString",
            "metadata": "Secure string for 'accountKey' of 'AzureDataLakeStorage2'"
        },
        "AzureFunction15_functionKey": {
            "type": "secureString",
            "metadata": "Secure string for 'functionKey' of 'AzureFunction15'"
        },
        "AzureDataLakeStorage3_accountKey": {
            "type": "secureString",
            "metadata": "Secure string for 'accountKey' of 'AzureDataLakeStorage3'"
        },
        "AzureFunction11_functionKey": {
            "type": "secureString",
            "metadata": "Secure string for 'functionKey' of 'AzureFunction11'"
        },
        "AzureFunction12_functionKey": {
            "type": "secureString",
            "metadata": "Secure string for 'functionKey' of 'AzureFunction12'"
        },
        "AzureFunction3_functionKey": {
            "type": "secureString",
            "metadata": "Secure string for 'functionKey' of 'AzureFunction3'"
        },
        "AzureDataLakeStorage6_accountKey": {
            "type": "secureString",
            "metadata": "Secure string for 'accountKey' of 'AzureDataLakeStorage6'"
        },
        "AzureFunction13_functionKey": {
            "type": "secureString",
            "metadata": "Secure string for 'functionKey' of 'AzureFunction13'"
        },
        "AzureFunction14_functionKey": {
            "type": "secureString",
            "metadata": "Secure string for 'functionKey' of 'AzureFunction14'"
        },
        "AzureFunction1_properties_typeProperties_functionAppUrl": {
            "type": "string",
            "defaultValue": "https://bsi-uks-funcapp-fmapp01.azurewebsites.net/api/Download_ISO_PublicationData?code=vw0ixnAe0flCrGPZEaVoMuF7ty83ZMhbzuiDw59In5syPGYD4TKuMg=="
        },
        "AzureFunction16_properties_typeProperties_functionAppUrl": {
            "type": "string",
            "defaultValue": "https://bsi-uks-funcapp-fmapp01.azurewebsites.net"
        },
        "AzureFunction5_properties_typeProperties_functionAppUrl": {
            "type": "string",
            "defaultValue": "https://bsi-uks-funcapp-fmapp02.azurewebsites.net"
        },
        "AzureDataLakeStorage5_properties_typeProperties_url": {
            "type": "string",
            "defaultValue": "https://bsiuksadlgen2dev.dfs.core.windows.net"
        },
        "AzureFunction17_properties_typeProperties_functionAppUrl": {
            "type": "string",
            "defaultValue": "https://bsi-uks-funcapp-fmapp01.azurewebsites.net"
        },
        "AzureDataLakeStorage4_properties_typeProperties_url": {
            "type": "string",
            "defaultValue": "https://bsiuksadlgen2dev.dfs.core.windows.net"
        },
        "AzureFunction2_properties_typeProperties_functionAppUrl": {
            "type": "string",
            "defaultValue": "https://bsi-uks-funcapp-fmapp01.azurewebsites.net"
        },
        "AzureFunction10_properties_typeProperties_functionAppUrl": {
            "type": "string",
            "defaultValue": "https://bsi-uks-funcapp-fmapp01.azurewebsites.net"
        },
        "AzureFunction4_properties_typeProperties_functionAppUrl": {
            "type": "string",
            "defaultValue": "https://bsi-uks-funcapp-fmapp02.azurewebsites.net"
        },
        "AzureDataLakeStorage2_properties_typeProperties_url": {
            "type": "string",
            "defaultValue": "https://bsiuksadlgen2dev.dfs.core.windows.net"
        },
        "AzureFunction15_properties_typeProperties_functionAppUrl": {
            "type": "string",
            "defaultValue": "https://bsi-uks-funcapp-fmapp01.azurewebsites.net"
        },
        "AzureDataLakeStorage3_properties_typeProperties_url": {
            "type": "string",
            "defaultValue": "https://bsiuksadlgen2dev.dfs.core.windows.net"
        },
        "AzureFunction11_properties_typeProperties_functionAppUrl": {
            "type": "string",
            "defaultValue": "https://bsi-uks-funcapp-fmapp01.azurewebsites.net"
        },
        "AzureFunction12_properties_typeProperties_functionAppUrl": {
            "type": "string",
            "defaultValue": "https://bsi-uks-funcapp-fmapp02.azurewebsites.net"
        },
        "AzureFunction3_properties_typeProperties_functionAppUrl": {
            "type": "string",
            "defaultValue": "https://bsi-uks-funcapp-fmapp02.azurewebsites.net"
        },
        "AzureDataLakeStorage6_properties_typeProperties_url": {
            "type": "string",
            "defaultValue": "https://bsiuksadlgen2dev.dfs.core.windows.net"
        },
        "AzureFunction13_properties_typeProperties_functionAppUrl": {
            "type": "string",
            "defaultValue": "https://bsi-uks-funcapp-fmapp01.azurewebsites.net"
        },
        "AzureFunction14_properties_typeProperties_functionAppUrl": {
            "type": "string",
            "defaultValue": "https://bsi-uks-funcapp-fmapp01.azurewebsites.net"
        }
    },
    "variables": {
        "factoryId": "[concat('Microsoft.DataFactory/factories/', parameters('factoryName'))]"
    },
    "resources": [
        {
            "name": "[concat(parameters('factoryName'), '/Iso_Delta')]",
            "type": "Microsoft.DataFactory/factories/pipelines",
            "apiVersion": "2018-06-01",
            "properties": {
                "annotations": [],
                "lastPublishTime": "2020-09-30T17:37:44Z"
            },
            "dependsOn": []
        },
        {
            "name": "[concat(parameters('factoryName'), '/ArmtemplateStorageLinkedService')]",
            "type": "Microsoft.DataFactory/factories/linkedServices",
            "apiVersion": "2018-06-01",
            "properties": {
                "annotations": [],
                "type": "AzureBlobStorage",
                "typeProperties": {
                    "connectionString": "[parameters('ArmtemplateStorageLinkedService_connectionString')]"
                }
            },
            "dependsOn": []
        },
        {
            "name": "[concat(parameters('factoryName'), '/AzureFunction1')]",
            "type": "Microsoft.DataFactory/factories/linkedServices",
            "apiVersion": "2018-06-01",
            "properties": {
                "annotations": [],
                "type": "AzureFunction",
                "typeProperties": {
                    "functionAppUrl": "[parameters('AzureFunction1_properties_typeProperties_functionAppUrl')]",
                    "functionKey": {
                        "type": "SecureString",
                        "value": "[parameters('AzureFunction1_functionKey')]"
                    }
                }
            },
            "dependsOn": []
        },
        {
            "name": "[concat(parameters('factoryName'), '/AzureFunction16')]",
            "type": "Microsoft.DataFactory/factories/linkedServices",
            "apiVersion": "2018-06-01",
            "properties": {
                "annotations": [],
                "type": "AzureFunction",
                "typeProperties": {
                    "functionAppUrl": "[parameters('AzureFunction16_properties_typeProperties_functionAppUrl')]",
                    "functionKey": {
                        "type": "SecureString",
                        "value": "[parameters('AzureFunction16_functionKey')]"
                    }
                }
            },
            "dependsOn": []
        },
        {
            "name": "[concat(parameters('factoryName'), '/AzureFunction5')]",
            "type": "Microsoft.DataFactory/factories/linkedServices",
            "apiVersion": "2018-06-01",
            "properties": {
                "annotations": [],
                "type": "AzureFunction",
                "typeProperties": {
                    "functionAppUrl": "[parameters('AzureFunction5_properties_typeProperties_functionAppUrl')]",
                    "functionKey": {
                        "type": "SecureString",
                        "value": "[parameters('AzureFunction5_functionKey')]"
                    }
                }
            },
            "dependsOn": []
        },
        {
            "name": "[concat(parameters('factoryName'), '/AzureDataLakeStorage5')]",
            "type": "Microsoft.DataFactory/factories/linkedServices",
            "apiVersion": "2018-06-01",
            "properties": {
                "annotations": [],
                "type": "AzureBlobFS",
                "typeProperties": {
                    "url": "[parameters('AzureDataLakeStorage5_properties_typeProperties_url')]",
                    "accountKey": {
                        "type": "SecureString",
                        "value": "[parameters('AzureDataLakeStorage5_accountKey')]"
                    }
                }
            },
            "dependsOn": []
        },
        {
            "name": "[concat(parameters('factoryName'), '/AzureFunction17')]",
            "type": "Microsoft.DataFactory/factories/linkedServices",
            "apiVersion": "2018-06-01",
            "properties": {
                "annotations": [],
                "type": "AzureFunction",
                "typeProperties": {
                    "functionAppUrl": "[parameters('AzureFunction17_properties_typeProperties_functionAppUrl')]",
                    "functionKey": {
                        "type": "SecureString",
                        "value": "[parameters('AzureFunction17_functionKey')]"
                    }
                }
            },
            "dependsOn": []
        },
        {
            "name": "[concat(parameters('factoryName'), '/AzureDataLakeStorage4')]",
            "type": "Microsoft.DataFactory/factories/linkedServices",
            "apiVersion": "2018-06-01",
            "properties": {
                "annotations": [],
                "type": "AzureBlobFS",
                "typeProperties": {
                    "url": "[parameters('AzureDataLakeStorage4_properties_typeProperties_url')]",
                    "accountKey": {
                        "type": "SecureString",
                        "value": "[parameters('AzureDataLakeStorage4_accountKey')]"
                    }
                }
            },
            "dependsOn": []
        },
        {
            "name": "[concat(parameters('factoryName'), '/AzureFunction2')]",
            "type": "Microsoft.DataFactory/factories/linkedServices",
            "apiVersion": "2018-06-01",
            "properties": {
                "annotations": [],
                "type": "AzureFunction",
                "typeProperties": {
                    "functionAppUrl": "[parameters('AzureFunction2_properties_typeProperties_functionAppUrl')]",
                    "functionKey": {
                        "type": "SecureString",
                        "value": "[parameters('AzureFunction2_functionKey')]"
                    }
                }
            },
            "dependsOn": []
        },
        {
            "name": "[concat(parameters('factoryName'), '/AzureFunction10')]",
            "type": "Microsoft.DataFactory/factories/linkedServices",
            "apiVersion": "2018-06-01",
            "properties": {
                "annotations": [],
                "type": "AzureFunction",
                "typeProperties": {
                    "functionAppUrl": "[parameters('AzureFunction10_properties_typeProperties_functionAppUrl')]",
                    "functionKey": {
                        "type": "SecureString",
                        "value": "[parameters('AzureFunction10_functionKey')]"
                    }
                }
            },
            "dependsOn": []
        },
        {
            "name": "[concat(parameters('factoryName'), '/AzureFunction4')]",
            "type": "Microsoft.DataFactory/factories/linkedServices",
            "apiVersion": "2018-06-01",
            "properties": {
                "annotations": [],
                "type": "AzureFunction",
                "typeProperties": {
                    "functionAppUrl": "[parameters('AzureFunction4_properties_typeProperties_functionAppUrl')]",
                    "functionKey": {
                        "type": "SecureString",
                        "value": "[parameters('AzureFunction4_functionKey')]"
                    }
                }
            },
            "dependsOn": []
        },
        {
            "name": "[concat(parameters('factoryName'), '/AzureDataLakeStorage2')]",
            "type": "Microsoft.DataFactory/factories/linkedServices",
            "apiVersion": "2018-06-01",
            "properties": {
                "annotations": [],
                "type": "AzureBlobFS",
                "typeProperties": {
                    "url": "[parameters('AzureDataLakeStorage2_properties_typeProperties_url')]",
                    "accountKey": {
                        "type": "SecureString",
                        "value": "[parameters('AzureDataLakeStorage2_accountKey')]"
                    }
                }
            },
            "dependsOn": []
        },
        {
            "name": "[concat(parameters('factoryName'), '/AzureFunction15')]",
            "type": "Microsoft.DataFactory/factories/linkedServices",
            "apiVersion": "2018-06-01",
            "properties": {
                "annotations": [],
                "type": "AzureFunction",
                "typeProperties": {
                    "functionAppUrl": "[parameters('AzureFunction15_properties_typeProperties_functionAppUrl')]",
                    "functionKey": {
                        "type": "SecureString",
                        "value": "[parameters('AzureFunction15_functionKey')]"
                    }
                }
            },
            "dependsOn": []
        },
        {
            "name": "[concat(parameters('factoryName'), '/AzureDataLakeStorage3')]",
            "type": "Microsoft.DataFactory/factories/linkedServices",
            "apiVersion": "2018-06-01",
            "properties": {
                "annotations": [],
                "type": "AzureBlobFS",
                "typeProperties": {
                    "url": "[parameters('AzureDataLakeStorage3_properties_typeProperties_url')]",
                    "accountKey": {
                        "type": "SecureString",
                        "value": "[parameters('AzureDataLakeStorage3_accountKey')]"
                    }
                }
            },
            "dependsOn": []
        },
        {
            "name": "[concat(parameters('factoryName'), '/AzureFunction11')]",
            "type": "Microsoft.DataFactory/factories/linkedServices",
            "apiVersion": "2018-06-01",
            "properties": {
                "annotations": [],
                "type": "AzureFunction",
                "typeProperties": {
                    "functionAppUrl": "[parameters('AzureFunction11_properties_typeProperties_functionAppUrl')]",
                    "functionKey": {
                        "type": "SecureString",
                        "value": "[parameters('AzureFunction11_functionKey')]"
                    }
                }
            },
            "dependsOn": []
        },
        {
            "name": "[concat(parameters('factoryName'), '/AzureFunction12')]",
            "type": "Microsoft.DataFactory/factories/linkedServices",
            "apiVersion": "2018-06-01",
            "properties": {
                "annotations": [],
                "type": "AzureFunction",
                "typeProperties": {
                    "functionAppUrl": "[parameters('AzureFunction12_properties_typeProperties_functionAppUrl')]",
                    "functionKey": {
                        "type": "SecureString",
                        "value": "[parameters('AzureFunction12_functionKey')]"
                    }
                }
            },
            "dependsOn": []
        },
        {
            "name": "[concat(parameters('factoryName'), '/AzureFunction3')]",
            "type": "Microsoft.DataFactory/factories/linkedServices",
            "apiVersion": "2018-06-01",
            "properties": {
                "annotations": [],
                "type": "AzureFunction",
                "typeProperties": {
                    "functionAppUrl": "[parameters('AzureFunction3_properties_typeProperties_functionAppUrl')]",
                    "functionKey": {
                        "type": "SecureString",
                        "value": "[parameters('AzureFunction3_functionKey')]"
                    }
                }
            },
            "dependsOn": []
        },
        {
            "name": "[concat(parameters('factoryName'), '/AzureDataLakeStorage6')]",
            "type": "Microsoft.DataFactory/factories/linkedServices",
            "apiVersion": "2018-06-01",
            "properties": {
                "annotations": [],
                "type": "AzureBlobFS",
                "typeProperties": {
                    "url": "[parameters('AzureDataLakeStorage6_properties_typeProperties_url')]",
                    "accountKey": {
                        "type": "SecureString",
                        "value": "[parameters('AzureDataLakeStorage6_accountKey')]"
                    }
                }
            },
            "dependsOn": []
        },
        {
            "name": "[concat(parameters('factoryName'), '/AzureFunction13')]",
            "type": "Microsoft.DataFactory/factories/linkedServices",
            "apiVersion": "2018-06-01",
            "properties": {
                "annotations": [],
                "type": "AzureFunction",
                "typeProperties": {
                    "functionAppUrl": "[parameters('AzureFunction13_properties_typeProperties_functionAppUrl')]",
                    "functionKey": {
                        "type": "SecureString",
                        "value": "[parameters('AzureFunction13_functionKey')]"
                    }
                }
            },
            "dependsOn": []
        },
        {
            "name": "[concat(parameters('factoryName'), '/AzureFunction14')]",
            "type": "Microsoft.DataFactory/factories/linkedServices",
            "apiVersion": "2018-06-01",
            "properties": {
                "annotations": [],
                "type": "AzureFunction",
                "typeProperties": {
                    "functionAppUrl": "[parameters('AzureFunction14_properties_typeProperties_functionAppUrl')]",
                    "functionKey": {
                        "type": "SecureString",
                        "value": "[parameters('AzureFunction14_functionKey')]"
                    }
                }
            },
            "dependsOn": []
        }
    ]
}