{
    "$schema": "http://schema.management.azure.com/schemas/2015-01-01/deploymentTemplate.json#",
    "contentVersion": "1.0.0.0",
    "parameters": {
        "factoryName": {
            "type": "string",
            "metadata": "Data Factory name",
            "defaultValue": "datafactoryovb3l52odgq34"
        },
        "ArmtemplateStorageLinkedService_connectionString": {
            "type": "secureString",
            "metadata": "Secure string for 'connectionString' of 'ArmtemplateStorageLinkedService'"
        },
        "AzureFunction1_functionKey": {
            "type": "secureString",
            "metadata": "Secure string for 'functionKey' of 'AzureFunction1'"
        },
        "AzureFunction16_functionKey": {
            "type": "secureString",
            "metadata": "Secure string for 'functionKey' of 'AzureFunction16'"
        },
        "AzureFunction5_functionKey": {
            "type": "secureString",
            "metadata": "Secure string for 'functionKey' of 'AzureFunction5'"
        },
        "AzureDataLakeStorage5_accountKey": {
            "type": "secureString",
            "metadata": "Secure string for 'accountKey' of 'AzureDataLakeStorage5'"
        },
        "AzureFunction17_functionKey": {
            "type": "secureString",
            "metadata": "Secure string for 'functionKey' of 'AzureFunction17'"
        },
        "AzureDataLakeStorage4_accountKey": {
            "type": "secureString",
            "metadata": "Secure string for 'accountKey' of 'AzureDataLakeStorage4'"
        },
        "AzureFunction2_functionKey": {
            "type": "secureString",
            "metadata": "Secure string for 'functionKey' of 'AzureFunction2'"
        },
        "AzureFunction10_functionKey": {
            "type": "secureString",
            "metadata": "Secure string for 'functionKey' of 'AzureFunction10'"
        },
        "AzureFunction4_functionKey": {
            "type": "secureString",
            "metadata": "Secure string for 'functionKey' of 'AzureFunction4'"
        },
        "AzureDataLakeStorage2_accountKey": {
            "type": "secureString",
            "metadata": "Secure string for 'accountKey' of 'AzureDataLakeStorage2'"
        },
        "AzureFunction15_functionKey": {
            "type": "secureString",
            "metadata": "Secure string for 'functionKey' of 'AzureFunction15'"
        },
        "AzureDataLakeStorage3_accountKey": {
            "type": "secureString",
            "metadata": "Secure string for 'accountKey' of 'AzureDataLakeStorage3'"
        },
        "AzureFunction11_functionKey": {
            "type": "secureString",
            "metadata": "Secure string for 'functionKey' of 'AzureFunction11'"
        },
        "AzureFunction12_functionKey": {
            "type": "secureString",
            "metadata": "Secure string for 'functionKey' of 'AzureFunction12'"
        },
        "AzureFunction3_functionKey": {
            "type": "secureString",
            "metadata": "Secure string for 'functionKey' of 'AzureFunction3'"
        },
        "AzureDataLakeStorage6_accountKey": {
            "type": "secureString",
            "metadata": "Secure string for 'accountKey' of 'AzureDataLakeStorage6'"
        },
        "AzureFunction13_functionKey": {
            "type": "secureString",
            "metadata": "Secure string for 'functionKey' of 'AzureFunction13'"
        },
        "AzureFunction14_functionKey": {
            "type": "secureString",
            "metadata": "Secure string for 'functionKey' of 'AzureFunction14'"
        },
        "AzureDataLakeStorage1_accountKey": {
            "type": "secureString",
            "metadata": "Secure string for 'accountKey' of 'AzureDataLakeStorage1'"
        },
        "Cen_Content_Download_functionKey": {
            "type": "secureString",
            "metadata": "Secure string for 'functionKey' of 'Cen_Content_Download'"
        },
        "Cenelec_Projects_Data_accountKey": {
            "type": "secureString",
            "metadata": "Secure string for 'accountKey' of 'Cenelec_Projects_Data'"
        },
        "CenelecPublicationData_accountKey": {
            "type": "secureString",
            "metadata": "Secure string for 'accountKey' of 'CenelecPublicationData'"
        },
        "Cen_ProjectsData_accountKey": {
            "type": "secureString",
            "metadata": "Secure string for 'accountKey' of 'Cen_ProjectsData'"
        },
        "cenelec_content_download_functionKey": {
            "type": "secureString",
            "metadata": "Secure string for 'functionKey' of 'cenelec_content_download'"
        },
        "SourcePathofDataLakeForZip_accountKey": {
            "type": "secureString",
            "metadata": "Secure string for 'accountKey' of 'SourcePathofDataLakeForZip'"
        },
        "AzureFunction7_functionKey": {
            "type": "secureString",
            "metadata": "Secure string for 'functionKey' of 'AzureFunction7'"
        },
        "AzureFunction6_functionKey": {
            "type": "secureString",
            "metadata": "Secure string for 'functionKey' of 'AzureFunction6'"
        },
        "AzureFunction8_functionKey": {
            "type": "secureString",
            "metadata": "Secure string for 'functionKey' of 'AzureFunction8'"
        },
        "ZipContentFiles_functionKey": {
            "type": "secureString",
            "metadata": "Secure string for 'functionKey' of 'ZipContentFiles'"
        },
        "ZipFiles_functionKey": {
            "type": "secureString",
            "metadata": "Secure string for 'functionKey' of 'ZipFiles'"
        },
        "AzureFunction9_functionKey": {
            "type": "secureString",
            "metadata": "Secure string for 'functionKey' of 'AzureFunction9'"
        },
        "ls_ISO_Projects_Destination_accountKey": {
            "type": "secureString",
            "metadata": "Secure string for 'accountKey' of 'ls_ISO_Projects_Destination'"
        },
        "AzureFunction1_properties_typeProperties_functionAppUrl": {
            "type": "string",
            "defaultValue": "https://bsi-uks-funcapp-fmapp01.azurewebsites.net/api/Download_ISO_PublicationData?code=vw0ixnAe0flCrGPZEaVoMuF7ty83ZMhbzuiDw59In5syPGYD4TKuMg=="
        },
        "AzureFunction16_properties_typeProperties_functionAppUrl": {
            "type": "string",
            "defaultValue": "https://bsi-uks-funcapp-fmapp01.azurewebsites.net"
        },
        "AzureFunction5_properties_typeProperties_functionAppUrl": {
            "type": "string",
            "defaultValue": "https://bsi-uks-funcapp-fmapp02.azurewebsites.net"
        },
        "AzureDataLakeStorage5_properties_typeProperties_url": {
            "type": "string",
            "defaultValue": "https://bsiuksadlgen2dev.dfs.core.windows.net"
        },
        "AzureFunction17_properties_typeProperties_functionAppUrl": {
            "type": "string",
            "defaultValue": "https://bsi-uks-funcapp-fmapp01.azurewebsites.net"
        },
        "AzureDataLakeStorage4_properties_typeProperties_url": {
            "type": "string",
            "defaultValue": "https://bsiuksadlgen2dev.dfs.core.windows.net"
        },
        "AzureFunction2_properties_typeProperties_functionAppUrl": {
            "type": "string",
            "defaultValue": "https://bsi-uks-funcapp-fmapp01.azurewebsites.net"
        },
        "AzureFunction10_properties_typeProperties_functionAppUrl": {
            "type": "string",
            "defaultValue": "https://bsi-uks-funcapp-fmapp01.azurewebsites.net"
        },
        "AzureFunction4_properties_typeProperties_functionAppUrl": {
            "type": "string",
            "defaultValue": "https://bsi-uks-funcapp-fmapp02.azurewebsites.net"
        },
        "AzureDataLakeStorage2_properties_typeProperties_url": {
            "type": "string",
            "defaultValue": "https://bsiuksadlgen2dev.dfs.core.windows.net"
        },
        "AzureFunction15_properties_typeProperties_functionAppUrl": {
            "type": "string",
            "defaultValue": "https://bsi-uks-funcapp-fmapp01.azurewebsites.net"
        },
        "AzureDataLakeStorage3_properties_typeProperties_url": {
            "type": "string",
            "defaultValue": "https://bsiuksadlgen2dev.dfs.core.windows.net"
        },
        "AzureFunction11_properties_typeProperties_functionAppUrl": {
            "type": "string",
            "defaultValue": "https://bsi-uks-funcapp-fmapp01.azurewebsites.net"
        },
        "AzureFunction12_properties_typeProperties_functionAppUrl": {
            "type": "string",
            "defaultValue": "https://bsi-uks-funcapp-fmapp02.azurewebsites.net"
        },
        "AzureFunction3_properties_typeProperties_functionAppUrl": {
            "type": "string",
            "defaultValue": "https://bsi-uks-funcapp-fmapp02.azurewebsites.net"
        },
        "AzureDataLakeStorage6_properties_typeProperties_url": {
            "type": "string",
            "defaultValue": "https://bsiuksadlgen2dev.dfs.core.windows.net"
        },
        "AzureFunction13_properties_typeProperties_functionAppUrl": {
            "type": "string",
            "defaultValue": "https://bsi-uks-funcapp-fmapp01.azurewebsites.net"
        },
        "AzureFunction14_properties_typeProperties_functionAppUrl": {
            "type": "string",
            "defaultValue": "https://bsi-uks-funcapp-fmapp01.azurewebsites.net"
        },
        "AzureDataLakeStorage1_properties_typeProperties_url": {
            "type": "string",
            "defaultValue": "https://bsiuksadlgen2dev.dfs.core.windows.net"
        },
        "Cen_Content_Download_properties_typeProperties_functionAppUrl": {
            "type": "string",
            "defaultValue": "https://bsi-uks-funcapp-fmapp01.azurewebsites.net"
        },
        "Cenelec_Projects_Data_properties_typeProperties_url": {
            "type": "string",
            "defaultValue": "https://bsiuksadlgen2dev.dfs.core.windows.net"
        },
        "downloadPdf_properties_typeProperties_url": {
            "type": "string",
            "defaultValue": "https://data.iso.org/publications/std/dms/89739122"
        },
        "CenelecPublicationData_properties_typeProperties_url": {
            "type": "string",
            "defaultValue": "https://bsiuksadlgen2dev.dfs.core.windows.net"
        },
        "Cen_ProjectsData_properties_typeProperties_url": {
            "type": "string",
            "defaultValue": "https://bsiuksadlgen2dev.dfs.core.windows.net"
        },
        "cenelec_content_download_properties_typeProperties_functionAppUrl": {
            "type": "string",
            "defaultValue": "https://bsi-uks-funcapp-fmapp01.azurewebsites.net"
        },
        "PublicationDataLink_properties_typeProperties_url": {
            "type": "string",
            "defaultValue": "https://api.iso.org/harmonized/publications"
        },
        "HttpServer1_properties_typeProperties_url": {
            "type": "string",
            "defaultValue": "https://api.iso.org/harmonized/projects"
        },
        "ISO_Publication_RestEndPoint_properties_typeProperties_url": {
            "type": "string",
            "defaultValue": "https://api.iso.org/harmonized/publications"
        },
        "SourcePathofDataLakeForZip_properties_typeProperties_url": {
            "type": "string",
            "defaultValue": "https://bsiuksadlgen2dev.dfs.core.windows.net"
        },
        "AzureFunction7_properties_typeProperties_functionAppUrl": {
            "type": "string",
            "defaultValue": "https://bsi-uks-funcapp-fmapp01.azurewebsites.net"
        },
        "RestService1_properties_typeProperties_url": {
            "type": "string",
            "defaultValue": "https://api.cen.eu/harmonized/publications"
        },
        "AzureFunction6_properties_typeProperties_functionAppUrl": {
            "type": "string",
            "defaultValue": "https://bsi-uks-funcapp-fmapp02.azurewebsites.net"
        },
        "TestingRest_properties_typeProperties_url": {
            "type": "string",
            "defaultValue": "http://dummy.restapiexample.com/api/v1/employees"
        },
        "AzureFunction8_properties_typeProperties_functionAppUrl": {
            "type": "string",
            "defaultValue": "https://bsi-uks-funcapp-fmapp01.azurewebsites.net"
        },
        "HttpServer2_properties_typeProperties_url": {
            "type": "string",
            "defaultValue": "https://api-test.iso.org/harmonized/projects"
        },
        "ZipContentFiles_properties_typeProperties_functionAppUrl": {
            "type": "string",
            "defaultValue": "https://bsi-uks-funcapp-fmapp01.azurewebsites.net"
        },
        "ZipFiles_properties_typeProperties_functionAppUrl": {
            "type": "string",
            "defaultValue": "https://bsi-uks-funcapp-fmapp01.azurewebsites.net"
        },
        "AzureFunction9_properties_typeProperties_functionAppUrl": {
            "type": "string",
            "defaultValue": "https://bsi-uks-funcapp-fmapp01.azurewebsites.net"
        },
        "Iso_properties_typeProperties_url": {
            "type": "string",
            "defaultValue": "https://api.iso.org/harmonized/projects"
        },
        "ls_Cenelec_Publication_URI_properties_typeProperties_url": {
            "type": "string",
            "defaultValue": "https://api.cenelec.eu/harmonized/publications"
        },
        "ls_ISO_All_Projects_Uri_properties_typeProperties_url": {
            "type": "string",
            "defaultValue": "https://api.iso.org/harmonized/projects"
        },
        "ls_Cenelec_Rest_Uri_properties_typeProperties_url": {
            "type": "string",
            "defaultValue": "https://api.cenelec.eu/harmonized/publications"
        },
        "ls_ISO_Projects_Destination_properties_typeProperties_url": {
            "type": "string",
            "defaultValue": "https://bsiuksadlgen2dev.dfs.core.windows.net"
        },
        "ls_Cen_Projects_properties_typeProperties_url": {
            "type": "string",
            "defaultValue": "https://api.cen.eu/harmonized/projects"
        },
        "containerUri": {
            "type": "string",
            "metadata": "URI to storage account containing linked ARM templates"
        },
        "containerSasToken": {
            "type": "string",
            "metadata": "Sas token to storage account containing linked ARM templates"
        }
    },
    "variables": {
        "factoryId": "[concat('Microsoft.DataFactory/factories/', parameters('factoryName'))]"
    },
    "resources": [
        {
            "name": "datafactoryovb3l52odgq34_ArmTemplate_0",
            "type": "Microsoft.Resources/deployments",
            "apiVersion": "2018-02-01",
            "properties": {
                "mode": "incremental",
                "templateLink": {
                    "uri": "[concat(parameters('containerUri'), '/ArmTemplate_0.json', parameters('containerSasToken'))]",
                    "contentVersion": "1.0.0.0"
                },
                "parameters": {
                    "factoryName": {
                        "value": "[parameters('factoryName')]"
                    },
                    "ArmtemplateStorageLinkedService_connectionString": {
                        "value": "[parameters('ArmtemplateStorageLinkedService_connectionString')]"
                    },
                    "AzureFunction1_functionKey": {
                        "value": "[parameters('AzureFunction1_functionKey')]"
                    },
                    "AzureFunction16_functionKey": {
                        "value": "[parameters('AzureFunction16_functionKey')]"
                    },
                    "AzureFunction5_functionKey": {
                        "value": "[parameters('AzureFunction5_functionKey')]"
                    },
                    "AzureDataLakeStorage5_accountKey": {
                        "value": "[parameters('AzureDataLakeStorage5_accountKey')]"
                    },
                    "AzureFunction17_functionKey": {
                        "value": "[parameters('AzureFunction17_functionKey')]"
                    },
                    "AzureDataLakeStorage4_accountKey": {
                        "value": "[parameters('AzureDataLakeStorage4_accountKey')]"
                    },
                    "AzureFunction2_functionKey": {
                        "value": "[parameters('AzureFunction2_functionKey')]"
                    },
                    "AzureFunction10_functionKey": {
                        "value": "[parameters('AzureFunction10_functionKey')]"
                    },
                    "AzureFunction4_functionKey": {
                        "value": "[parameters('AzureFunction4_functionKey')]"
                    },
                    "AzureDataLakeStorage2_accountKey": {
                        "value": "[parameters('AzureDataLakeStorage2_accountKey')]"
                    },
                    "AzureFunction15_functionKey": {
                        "value": "[parameters('AzureFunction15_functionKey')]"
                    },
                    "AzureDataLakeStorage3_accountKey": {
                        "value": "[parameters('AzureDataLakeStorage3_accountKey')]"
                    },
                    "AzureFunction11_functionKey": {
                        "value": "[parameters('AzureFunction11_functionKey')]"
                    },
                    "AzureFunction12_functionKey": {
                        "value": "[parameters('AzureFunction12_functionKey')]"
                    },
                    "AzureFunction3_functionKey": {
                        "value": "[parameters('AzureFunction3_functionKey')]"
                    },
                    "AzureDataLakeStorage6_accountKey": {
                        "value": "[parameters('AzureDataLakeStorage6_accountKey')]"
                    },
                    "AzureFunction13_functionKey": {
                        "value": "[parameters('AzureFunction13_functionKey')]"
                    },
                    "AzureFunction14_functionKey": {
                        "value": "[parameters('AzureFunction14_functionKey')]"
                    },
                    "AzureFunction1_properties_typeProperties_functionAppUrl": {
                        "value": "[parameters('AzureFunction1_properties_typeProperties_functionAppUrl')]"
                    },
                    "AzureFunction16_properties_typeProperties_functionAppUrl": {
                        "value": "[parameters('AzureFunction16_properties_typeProperties_functionAppUrl')]"
                    },
                    "AzureFunction5_properties_typeProperties_functionAppUrl": {
                        "value": "[parameters('AzureFunction5_properties_typeProperties_functionAppUrl')]"
                    },
                    "AzureDataLakeStorage5_properties_typeProperties_url": {
                        "value": "[parameters('AzureDataLakeStorage5_properties_typeProperties_url')]"
                    },
                    "AzureFunction17_properties_typeProperties_functionAppUrl": {
                        "value": "[parameters('AzureFunction17_properties_typeProperties_functionAppUrl')]"
                    },
                    "AzureDataLakeStorage4_properties_typeProperties_url": {
                        "value": "[parameters('AzureDataLakeStorage4_properties_typeProperties_url')]"
                    },
                    "AzureFunction2_properties_typeProperties_functionAppUrl": {
                        "value": "[parameters('AzureFunction2_properties_typeProperties_functionAppUrl')]"
                    },
                    "AzureFunction10_properties_typeProperties_functionAppUrl": {
                        "value": "[parameters('AzureFunction10_properties_typeProperties_functionAppUrl')]"
                    },
                    "AzureFunction4_properties_typeProperties_functionAppUrl": {
                        "value": "[parameters('AzureFunction4_properties_typeProperties_functionAppUrl')]"
                    },
                    "AzureDataLakeStorage2_properties_typeProperties_url": {
                        "value": "[parameters('AzureDataLakeStorage2_properties_typeProperties_url')]"
                    },
                    "AzureFunction15_properties_typeProperties_functionAppUrl": {
                        "value": "[parameters('AzureFunction15_properties_typeProperties_functionAppUrl')]"
                    },
                    "AzureDataLakeStorage3_properties_typeProperties_url": {
                        "value": "[parameters('AzureDataLakeStorage3_properties_typeProperties_url')]"
                    },
                    "AzureFunction11_properties_typeProperties_functionAppUrl": {
                        "value": "[parameters('AzureFunction11_properties_typeProperties_functionAppUrl')]"
                    },
                    "AzureFunction12_properties_typeProperties_functionAppUrl": {
                        "value": "[parameters('AzureFunction12_properties_typeProperties_functionAppUrl')]"
                    },
                    "AzureFunction3_properties_typeProperties_functionAppUrl": {
                        "value": "[parameters('AzureFunction3_properties_typeProperties_functionAppUrl')]"
                    },
                    "AzureDataLakeStorage6_properties_typeProperties_url": {
                        "value": "[parameters('AzureDataLakeStorage6_properties_typeProperties_url')]"
                    },
                    "AzureFunction13_properties_typeProperties_functionAppUrl": {
                        "value": "[parameters('AzureFunction13_properties_typeProperties_functionAppUrl')]"
                    },
                    "AzureFunction14_properties_typeProperties_functionAppUrl": {
                        "value": "[parameters('AzureFunction14_properties_typeProperties_functionAppUrl')]"
                    }
                }
            },
            "dependsOn": []
        },
        {
            "name": "datafactoryovb3l52odgq34_ArmTemplate_1",
            "type": "Microsoft.Resources/deployments",
            "apiVersion": "2018-02-01",
            "properties": {
                "mode": "incremental",
                "templateLink": {
                    "uri": "[concat(parameters('containerUri'), '/ArmTemplate_1.json', parameters('containerSasToken'))]",
                    "contentVersion": "1.0.0.0"
                },
                "parameters": {
                    "factoryName": {
                        "value": "[parameters('factoryName')]"
                    },
                    "AzureDataLakeStorage1_accountKey": {
                        "value": "[parameters('AzureDataLakeStorage1_accountKey')]"
                    },
                    "Cen_Content_Download_functionKey": {
                        "value": "[parameters('Cen_Content_Download_functionKey')]"
                    },
                    "Cenelec_Projects_Data_accountKey": {
                        "value": "[parameters('Cenelec_Projects_Data_accountKey')]"
                    },
                    "CenelecPublicationData_accountKey": {
                        "value": "[parameters('CenelecPublicationData_accountKey')]"
                    },
                    "Cen_ProjectsData_accountKey": {
                        "value": "[parameters('Cen_ProjectsData_accountKey')]"
                    },
                    "cenelec_content_download_functionKey": {
                        "value": "[parameters('cenelec_content_download_functionKey')]"
                    },
                    "SourcePathofDataLakeForZip_accountKey": {
                        "value": "[parameters('SourcePathofDataLakeForZip_accountKey')]"
                    },
                    "AzureFunction7_functionKey": {
                        "value": "[parameters('AzureFunction7_functionKey')]"
                    },
                    "AzureFunction6_functionKey": {
                        "value": "[parameters('AzureFunction6_functionKey')]"
                    },
                    "AzureFunction8_functionKey": {
                        "value": "[parameters('AzureFunction8_functionKey')]"
                    },
                    "ZipContentFiles_functionKey": {
                        "value": "[parameters('ZipContentFiles_functionKey')]"
                    },
                    "ZipFiles_functionKey": {
                        "value": "[parameters('ZipFiles_functionKey')]"
                    },
                    "AzureFunction9_functionKey": {
                        "value": "[parameters('AzureFunction9_functionKey')]"
                    },
                    "AzureDataLakeStorage1_properties_typeProperties_url": {
                        "value": "[parameters('AzureDataLakeStorage1_properties_typeProperties_url')]"
                    },
                    "Cen_Content_Download_properties_typeProperties_functionAppUrl": {
                        "value": "[parameters('Cen_Content_Download_properties_typeProperties_functionAppUrl')]"
                    },
                    "Cenelec_Projects_Data_properties_typeProperties_url": {
                        "value": "[parameters('Cenelec_Projects_Data_properties_typeProperties_url')]"
                    },
                    "downloadPdf_properties_typeProperties_url": {
                        "value": "[parameters('downloadPdf_properties_typeProperties_url')]"
                    },
                    "CenelecPublicationData_properties_typeProperties_url": {
                        "value": "[parameters('CenelecPublicationData_properties_typeProperties_url')]"
                    },
                    "Cen_ProjectsData_properties_typeProperties_url": {
                        "value": "[parameters('Cen_ProjectsData_properties_typeProperties_url')]"
                    },
                    "cenelec_content_download_properties_typeProperties_functionAppUrl": {
                        "value": "[parameters('cenelec_content_download_properties_typeProperties_functionAppUrl')]"
                    },
                    "PublicationDataLink_properties_typeProperties_url": {
                        "value": "[parameters('PublicationDataLink_properties_typeProperties_url')]"
                    },
                    "HttpServer1_properties_typeProperties_url": {
                        "value": "[parameters('HttpServer1_properties_typeProperties_url')]"
                    },
                    "ISO_Publication_RestEndPoint_properties_typeProperties_url": {
                        "value": "[parameters('ISO_Publication_RestEndPoint_properties_typeProperties_url')]"
                    },
                    "SourcePathofDataLakeForZip_properties_typeProperties_url": {
                        "value": "[parameters('SourcePathofDataLakeForZip_properties_typeProperties_url')]"
                    },
                    "AzureFunction7_properties_typeProperties_functionAppUrl": {
                        "value": "[parameters('AzureFunction7_properties_typeProperties_functionAppUrl')]"
                    },
                    "RestService1_properties_typeProperties_url": {
                        "value": "[parameters('RestService1_properties_typeProperties_url')]"
                    },
                    "AzureFunction6_properties_typeProperties_functionAppUrl": {
                        "value": "[parameters('AzureFunction6_properties_typeProperties_functionAppUrl')]"
                    },
                    "TestingRest_properties_typeProperties_url": {
                        "value": "[parameters('TestingRest_properties_typeProperties_url')]"
                    },
                    "AzureFunction8_properties_typeProperties_functionAppUrl": {
                        "value": "[parameters('AzureFunction8_properties_typeProperties_functionAppUrl')]"
                    },
                    "HttpServer2_properties_typeProperties_url": {
                        "value": "[parameters('HttpServer2_properties_typeProperties_url')]"
                    },
                    "ZipContentFiles_properties_typeProperties_functionAppUrl": {
                        "value": "[parameters('ZipContentFiles_properties_typeProperties_functionAppUrl')]"
                    },
                    "ZipFiles_properties_typeProperties_functionAppUrl": {
                        "value": "[parameters('ZipFiles_properties_typeProperties_functionAppUrl')]"
                    },
                    "AzureFunction9_properties_typeProperties_functionAppUrl": {
                        "value": "[parameters('AzureFunction9_properties_typeProperties_functionAppUrl')]"
                    }
                }
            },
            "dependsOn": [
                "[resourceId('Microsoft.Resources/deployments', 'datafactoryovb3l52odgq34_ArmTemplate_0')]"
            ]
        },
        {
            "name": "datafactoryovb3l52odgq34_ArmTemplate_2",
            "type": "Microsoft.Resources/deployments",
            "apiVersion": "2018-02-01",
            "properties": {
                "mode": "incremental",
                "templateLink": {
                    "uri": "[concat(parameters('containerUri'), '/ArmTemplate_2.json', parameters('containerSasToken'))]",
                    "contentVersion": "1.0.0.0"
                },
                "parameters": {
                    "factoryName": {
                        "value": "[parameters('factoryName')]"
                    },
                    "ls_ISO_Projects_Destination_accountKey": {
                        "value": "[parameters('ls_ISO_Projects_Destination_accountKey')]"
                    },
                    "Iso_properties_typeProperties_url": {
                        "value": "[parameters('Iso_properties_typeProperties_url')]"
                    },
                    "ls_Cenelec_Publication_URI_properties_typeProperties_url": {
                        "value": "[parameters('ls_Cenelec_Publication_URI_properties_typeProperties_url')]"
                    },
                    "ls_ISO_All_Projects_Uri_properties_typeProperties_url": {
                        "value": "[parameters('ls_ISO_All_Projects_Uri_properties_typeProperties_url')]"
                    },
                    "ls_Cenelec_Rest_Uri_properties_typeProperties_url": {
                        "value": "[parameters('ls_Cenelec_Rest_Uri_properties_typeProperties_url')]"
                    },
                    "ls_ISO_Projects_Destination_properties_typeProperties_url": {
                        "value": "[parameters('ls_ISO_Projects_Destination_properties_typeProperties_url')]"
                    },
                    "ls_Cen_Projects_properties_typeProperties_url": {
                        "value": "[parameters('ls_Cen_Projects_properties_typeProperties_url')]"
                    }
                }
            },
            "dependsOn": [
                "[resourceId('Microsoft.Resources/deployments', 'datafactoryovb3l52odgq34_ArmTemplate_1')]"
            ]
        },
        {
            "name": "datafactoryovb3l52odgq34_ArmTemplate_3",
            "type": "Microsoft.Resources/deployments",
            "apiVersion": "2018-02-01",
            "properties": {
                "mode": "incremental",
                "templateLink": {
                    "uri": "[concat(parameters('containerUri'), '/ArmTemplate_3.json', parameters('containerSasToken'))]",
                    "contentVersion": "1.0.0.0"
                },
                "parameters": {
                    "factoryName": {
                        "value": "[parameters('factoryName')]"
                    }
                }
            },
            "dependsOn": [
                "[resourceId('Microsoft.Resources/deployments', 'datafactoryovb3l52odgq34_ArmTemplate_2')]"
            ]
        },
        {
            "name": "datafactoryovb3l52odgq34_ArmTemplate_4",
            "type": "Microsoft.Resources/deployments",
            "apiVersion": "2018-02-01",
            "properties": {
                "mode": "incremental",
                "templateLink": {
                    "uri": "[concat(parameters('containerUri'), '/ArmTemplate_4.json', parameters('containerSasToken'))]",
                    "contentVersion": "1.0.0.0"
                },
                "parameters": {
                    "factoryName": {
                        "value": "[parameters('factoryName')]"
                    }
                }
            },
            "dependsOn": [
                "[resourceId('Microsoft.Resources/deployments', 'datafactoryovb3l52odgq34_ArmTemplate_3')]"
            ]
        }
    ]
}