{
    "$schema": "http://schema.management.azure.com/schemas/2015-01-01/deploymentTemplate.json#",
    "contentVersion": "1.0.0.0",
    "parameters": {
        "factoryName": {
            "type": "string",
            "metadata": "Data Factory name",
            "defaultValue": "datafactoryovb3l52odgq34"
        }
    },
    "variables": {
        "factoryId": "[concat('Microsoft.DataFactory/factories/', parameters('factoryName'))]"
    },
    "resources": [
        {
            "name": "[concat(parameters('factoryName'), '/ISO_Projects_Json')]",
            "type": "Microsoft.DataFactory/factories/datasets",
            "apiVersion": "2018-06-01",
            "properties": {
                "description": "Iso Projects Json",
                "linkedServiceName": {
                    "referenceName": "ls_ISO_Projects_Destination",
                    "type": "LinkedServiceReference"
                },
                "annotations": [],
                "type": "Json",
                "typeProperties": {
                    "location": {
                        "type": "AzureBlobFSLocation",
                        "fileName": "Iso-projects.json",
                        "folderPath": "Staging/ISO/Json",
                        "fileSystem": "export"
                    }
                },
                "schema": {}
            },
            "dependsOn": []
        },
        {
            "name": "[concat(parameters('factoryName'), '/CEN_Projects_RestEndpoint')]",
            "type": "Microsoft.DataFactory/factories/datasets",
            "apiVersion": "2018-06-01",
            "properties": {
                "linkedServiceName": {
                    "referenceName": "ls_Cen_Projects",
                    "type": "LinkedServiceReference"
                },
                "annotations": [],
                "type": "RestResource",
                "typeProperties": {
                    "relativeUrl": ""
                },
                "schema": []
            },
            "dependsOn": []
        },
        {
            "name": "[concat(parameters('factoryName'), '/Cenelec_Publication')]",
            "type": "Microsoft.DataFactory/factories/datasets",
            "apiVersion": "2018-06-01",
            "properties": {
                "linkedServiceName": {
                    "referenceName": "CenelecPublicationData",
                    "type": "LinkedServiceReference"
                },
                "annotations": [],
                "type": "Json",
                "typeProperties": {
                    "location": {
                        "type": "AzureBlobFSLocation",
                        "fileName": "Cenelec_Publication.json",
                        "folderPath": "Staging/cenelec/json",
                        "fileSystem": "export"
                    }
                },
                "schema": {}
            },
            "dependsOn": []
        },
        {
            "name": "[concat(parameters('factoryName'), '/RestResource3')]",
            "type": "Microsoft.DataFactory/factories/datasets",
            "apiVersion": "2018-06-01",
            "properties": {
                "linkedServiceName": {
                    "referenceName": "downloadPdf",
                    "type": "LinkedServiceReference"
                },
                "annotations": [],
                "type": "RestResource",
                "typeProperties": {},
                "schema": []
            },
            "dependsOn": []
        },
        {
            "name": "[concat(parameters('factoryName'), '/SinkDataset1')]",
            "type": "Microsoft.DataFactory/factories/datasets",
            "apiVersion": "2018-06-01",
            "properties": {
                "description": "Connection to your Azure Data Lake Store",
                "linkedServiceName": {
                    "referenceName": "AzureDataLakeStorage3",
                    "type": "LinkedServiceReference"
                },
                "parameters": {
                    "Container": {
                        "type": "string"
                    },
                    "Directory": {
                        "type": "string"
                    }
                },
                "annotations": [],
                "type": "Json",
                "typeProperties": {
                    "location": {
                        "type": "AzureBlobFSLocation",
                        "folderPath": {
                            "value": "@dataset().Directory",
                            "type": "Expression"
                        },
                        "fileSystem": {
                            "value": "@dataset().Container",
                            "type": "Expression"
                        }
                    }
                },
                "schema": {}
            },
            "dependsOn": []
        },
        {
            "name": "[concat(parameters('factoryName'), '/ISO_Projects_RestEndpoint')]",
            "type": "Microsoft.DataFactory/factories/datasets",
            "apiVersion": "2018-06-01",
            "properties": {
                "linkedServiceName": {
                    "referenceName": "ls_ISO_All_Projects_Uri",
                    "type": "LinkedServiceReference"
                },
                "annotations": [],
                "type": "RestResource",
                "typeProperties": {},
                "schema": []
            },
            "dependsOn": []
        },
        {
            "name": "[concat(parameters('factoryName'), '/ISO_Publication_Json')]",
            "type": "Microsoft.DataFactory/factories/datasets",
            "apiVersion": "2018-06-01",
            "properties": {
                "linkedServiceName": {
                    "referenceName": "ls_ISO_Projects_Destination",
                    "type": "LinkedServiceReference"
                },
                "annotations": [],
                "type": "Json",
                "typeProperties": {
                    "location": {
                        "type": "AzureBlobFSLocation",
                        "fileName": "Iso_Publications.Json",
                        "folderPath": "Staging/ISO/Json",
                        "fileSystem": "export"
                    }
                },
                "schema": {}
            },
            "dependsOn": []
        },
        {
            "name": "[concat(parameters('factoryName'), '/SourceDataToZip')]",
            "type": "Microsoft.DataFactory/factories/datasets",
            "apiVersion": "2018-06-01",
            "properties": {
                "linkedServiceName": {
                    "referenceName": "SourcePathofDataLakeForZip",
                    "type": "LinkedServiceReference"
                },
                "annotations": [],
                "type": "Binary",
                "typeProperties": {
                    "location": {
                        "type": "AzureBlobFSLocation",
                        "folderPath": "iso/content",
                        "fileSystem": "debug"
                    },
                    "compression": {
                        "type": "ZipDeflate"
                    }
                }
            },
            "dependsOn": []
        },
        {
            "name": "[concat(parameters('factoryName'), '/ISO_Publication_RestEndPoint')]",
            "type": "Microsoft.DataFactory/factories/datasets",
            "apiVersion": "2018-06-01",
            "properties": {
                "linkedServiceName": {
                    "referenceName": "ISO_Publication_RestEndPoint",
                    "type": "LinkedServiceReference"
                },
                "annotations": [],
                "type": "RestResource",
                "typeProperties": {},
                "schema": []
            },
            "dependsOn": []
        },
        {
            "name": "[concat(parameters('factoryName'), '/RestResource2')]",
            "type": "Microsoft.DataFactory/factories/datasets",
            "apiVersion": "2018-06-01",
            "properties": {
                "linkedServiceName": {
                    "referenceName": "PublicationDataLink",
                    "type": "LinkedServiceReference"
                },
                "annotations": [],
                "type": "RestResource",
                "typeProperties": {},
                "schema": []
            },
            "dependsOn": []
        },
        {
            "name": "[concat(parameters('factoryName'), '/RestResource4')]",
            "type": "Microsoft.DataFactory/factories/datasets",
            "apiVersion": "2018-06-01",
            "properties": {
                "linkedServiceName": {
                    "referenceName": "RestService1",
                    "type": "LinkedServiceReference"
                },
                "annotations": [],
                "type": "RestResource",
                "typeProperties": {
                    "relativeUrl": ""
                },
                "schema": []
            },
            "dependsOn": []
        },
        {
            "name": "[concat(parameters('factoryName'), '/SourceDataset_b8r')]",
            "type": "Microsoft.DataFactory/factories/datasets",
            "apiVersion": "2018-06-01",
            "properties": {
                "linkedServiceName": {
                    "referenceName": "TestingRest",
                    "type": "LinkedServiceReference"
                },
                "annotations": [],
                "type": "RestResource",
                "typeProperties": {},
                "schema": []
            },
            "dependsOn": []
        },
        {
            "name": "[concat(parameters('factoryName'), '/Xml1')]",
            "type": "Microsoft.DataFactory/factories/datasets",
            "apiVersion": "2018-06-01",
            "properties": {
                "linkedServiceName": {
                    "referenceName": "HttpServer1",
                    "type": "LinkedServiceReference"
                },
                "annotations": [],
                "type": "Xml",
                "typeProperties": {
                    "location": {
                        "type": "HttpServerLocation"
                    }
                }
            },
            "dependsOn": []
        },
        {
            "name": "[concat(parameters('factoryName'), '/SinkDataset')]",
            "type": "Microsoft.DataFactory/factories/datasets",
            "apiVersion": "2018-06-01",
            "properties": {
                "description": "Connection to your Azure Data Lake Store",
                "linkedServiceName": {
                    "referenceName": "AzureDataLakeStorage3",
                    "type": "LinkedServiceReference"
                },
                "parameters": {
                    "Container": {
                        "type": "string"
                    },
                    "Directory": {
                        "type": "string"
                    }
                },
                "annotations": [],
                "type": "Json",
                "typeProperties": {
                    "location": {
                        "type": "AzureBlobFSLocation",
                        "folderPath": {
                            "value": "@dataset().Directory",
                            "type": "Expression"
                        },
                        "fileSystem": {
                            "value": "@dataset().Container",
                            "type": "Expression"
                        }
                    }
                },
                "schema": {}
            },
            "dependsOn": []
        },
        {
            "name": "[concat(parameters('factoryName'), '/RestResource')]",
            "type": "Microsoft.DataFactory/factories/datasets",
            "apiVersion": "2018-06-01",
            "properties": {
                "description": "Connection to your REST/HTTP",
                "linkedServiceName": {
                    "referenceName": "Iso",
                    "type": "LinkedServiceReference"
                },
                "annotations": [],
                "type": "RestResource",
                "typeProperties": {},
                "schema": []
            },
            "dependsOn": []
        },
        {
            "name": "[concat(parameters('factoryName'), '/RestResource1')]",
            "type": "Microsoft.DataFactory/factories/datasets",
            "apiVersion": "2018-06-01",
            "properties": {
                "description": "Connection to your REST/HTTP",
                "linkedServiceName": {
                    "referenceName": "Iso",
                    "type": "LinkedServiceReference"
                },
                "annotations": [],
                "type": "RestResource",
                "typeProperties": {},
                "schema": []
            },
            "dependsOn": []
        },
        {
            "name": "[concat(parameters('factoryName'), '/Json1')]",
            "type": "Microsoft.DataFactory/factories/datasets",
            "apiVersion": "2018-06-01",
            "properties": {
                "linkedServiceName": {
                    "referenceName": "Cen_ProjectsData",
                    "type": "LinkedServiceReference"
                },
                "annotations": [],
                "type": "Json",
                "typeProperties": {
                    "location": {
                        "type": "AzureBlobFSLocation",
                        "fileName": "Projects.json",
                        "folderPath": "Staging/Cen/Json",
                        "fileSystem": "export"
                    }
                },
                "schema": {}
            },
            "dependsOn": []
        },
        {
            "name": "[concat(parameters('factoryName'), '/SourceDataset_o13')]",
            "type": "Microsoft.DataFactory/factories/datasets",
            "apiVersion": "2018-06-01",
            "properties": {
                "linkedServiceName": {
                    "referenceName": "TestingRest",
                    "type": "LinkedServiceReference"
                },
                "annotations": [],
                "type": "RestResource",
                "typeProperties": {},
                "schema": []
            },
            "dependsOn": []
        },
        {
            "name": "[concat(parameters('factoryName'), '/IsoTrigger')]",
            "type": "Microsoft.DataFactory/factories/triggers",
            "apiVersion": "2018-06-01",
            "properties": {
                "annotations": [],
                "runtimeState": "Stopped",
                "pipelines": [
                    {
                        "pipelineReference": {
                            "referenceName": "Iso-Demo-Pipiline",
                            "type": "PipelineReference"
                        },
                        "parameters": {}
                    }
                ],
                "type": "ScheduleTrigger",
                "typeProperties": {
                    "recurrence": {
                        "frequency": "Hour",
                        "interval": 1,
                        "startTime": "2020-09-24T14:38:00Z",
                        "timeZone": "UTC"
                    }
                }
            },
            "dependsOn": []
        },
        {
            "name": "[concat(parameters('factoryName'), '/IEC_Trigger')]",
            "type": "Microsoft.DataFactory/factories/triggers",
            "apiVersion": "2018-06-01",
            "properties": {
                "annotations": [],
                "runtimeState": "Stopped",
                "pipelines": [
                    {
                        "pipelineReference": {
                            "referenceName": "Iec-Demo-Pipiline",
                            "type": "PipelineReference"
                        },
                        "parameters": {}
                    }
                ],
                "type": "ScheduleTrigger",
                "typeProperties": {
                    "recurrence": {
                        "frequency": "Hour",
                        "interval": 1,
                        "startTime": "2020-09-24T14:38:00Z",
                        "endTime": "2020-09-25T14:38:00Z",
                        "timeZone": "UTC"
                    }
                }
            },
            "dependsOn": []
        }
    ]
}